{
  "ML-F3PT-TX-0003:0": {
    "Channel": [ 0, 1, 2, 3, 4, 5, 6, 7, 8, 9, 10, 11, 12, 13, 14, 15, 16, 17, 18, 19, 20, 21, 22, 23, 24, 25, 26, 27, 28, 29, 30, 31, 32, 33, 34, 35, 36, 37, 38, 39, 40, 41, 42, 43, 44, 45, 46, 47, 48, 49, 50, 51, 52, 53, 54, 55, 56, 57, 58, 59, 60, 61, 62, 63, 64, 65, 66, 67, 68, 69, 70, 71, 72, 73, 74, 75, 76, 77, 78, 79, 80, 81, 82, 83, 84, 85, 86, 87, 88, 89, 90, 91, 92, 93, 94, 95, 96, 97, 98, 99, 100, 101, 102, 103, 104, 105, 106, 107, 108, 109, 110, 111, 112, 113, 114, 115, 116, 117, 118, 119, 120, 121, 122, 123, 124, 125, 126, 127, 128, 129, 130, 131, 132, 133, 134, 135, 136, 137, 138, 139, 140, 141, 142, 143, 144, 145, 146, 147, 148, 149, 150, 151, 152, 153, 154, 155, 156, 157, 158, 159, 160, 161, 162, 163, 164, 165, 166, 167, 168, 169, 170, 171, 172, 173, 174, 175, 176, 177, 178, 179, 180, 181, 182, 183, 184, 185, 186, 187, 188, 189, 190, 191, 192, 193, 194, 195, 196, 197, 198, 199, 200, 201, 202, 203, 204, 205, 206, 207, 208, 209, 210, 211, 212, 213, 214, 215, 216, 217, 218, 219, 220, 221 ],
    "ADC_ped": [ 122.83130628017285, 138.8503215507572, 171.7089200887473, 129.79499864628713, 142.9093434316797, 140.334771433494, 140.5172308308984, 127.35711648611301, 81.59316533229256, 123.70400804492218, 154.28290137586453, 110.53153799362173, 140.04467955682605, 157.48416155947723, 149.3813356399194, 124.30838633910331, 160.9180775167632, 93.15135916287802, 94.12391571115636, 1.0, 131.89385484681947, 114.41185219565195, 125.17902061511306, 142.47512860272218, 125.3572008734085, 124.9794130160371, 111.94437119158377, 141.76394412154585, 118.41627549639068, 108.8881798011976, 95.00368139576587, 102.80051194959266, 100.72564987007873, 131.05015418262113, 103.14135223608753, 110.93700488391472, 108.46632771102978, 0.0, 0.0, 0.0, 0.0, 0.0, 0.0, 0.0, 0.0, 0.0, 0.0, 0.0, 0.0, 0.0, 0.0, 0.0, 0.0, 0.0, 0.0, 0.0, 0.0, 0.0, 0.0, 0.0, 0.0, 0.0, 0.0, 0.0, 0.0, 0.0, 0.0, 0.0, 0.0, 0.0, 0.0, 0.0, 0.0, 0.0, 97.96919512100787, 167.08287887258572, 134.9000291839397, 105.33287271934543, 146.1430505304093, 148.41626846411606, 91.47295914600058, 127.80427773265401, 117.4546013930936, 144.26044732298885, 151.08098719071177, 131.45415132751765, 127.45042773810403, 138.0428511654237, 152.50103901857577, 144.31770410298063, 155.28422695963124, 91.91896358336585, 140.73520673129326, 111.53910823725488, 139.4033325949445, 102.53436496802072, 107.63472255918538, 136.16723100670526, 146.06500986276515, 122.53286006125111, 146.8216369025643, 110.99246843387728, 98.32890300031997, 125.99174410959097, 118.04611062471211, 98.70230271832575, 122.33380449573316, 127.53614764963801, 107.15643294901953, 121.84453750487864, 119.66062594276431, 158.07374043171134, 138.42560732481724, 162.0008016793072, 143.41631769003843, 140.1954655893222, 115.24919568358983, 120.75427826007461, 157.35906091004665, 88.89923102076982, 135.40345565975042, 143.65840726012033, 156.115993853792, 146.97328790483925, 144.77657760290856, 186.00657869291112, 165.03907483395042, 160.31705010144057, 123.8122031061557, 102.82930911417952, 126.5919944585676, 143.9708512216819, 127.02515796246875, 161.77665847406672, 147.5333452882002, 122.01346680590571, 152.33216597574568, 160.36696518672449, 147.1843897567888, 113.80768838584684, 145.97350942148992, 151.99364985601417, 127.40862086546204, 134.38140596266567, 140.50159808440839, 122.30632236650105, 119.03841731627304, 106.7811485814144, 135.13172856826404, 102.65319282848634, 126.89058835525645, 161.38131454309553, 96.00711666191988, 138.9040973548099, 141.30418807115257, 116.83817681248088, 97.15368684577871, 0.0, 102.6810371198616, 89.33733469759461, 141.3507944712257, 127.6936073107527, 106.19818707960184, 137.65263727879102, 134.30724711061416, 61.58686089809179, 142.6592405846633, 107.9137245387707, 125.2538018234688, 92.49643639483409, 120.63180768135358, 127.50002988716716, 99.95948003361427, 116.87765248608488, 136.63667753153095, 123.0178760420952, 72.12812452751905, 119.06650422112284, 134.86159077084278, 180.02290411845163, 122.11181316652778, 133.44280123627388, 143.0258084478715, 120.09454893232491, 147.9745431658597, 113.130184983984, 141.83499822435067, 160.9108131770762, 141.70272817094053, 385.0, 125.45107470736947, 107.14872205989388, 112.78480184808177, 98.43881393656186, 122.5358839393396, 138.21378466471873, 124.72500641695059, 142.83599329121, 119.21224108043867, 131.1349739630032, 127.56396029577748, 143.20923829917405, 109.5680636280208, 110.74548440065682, 90.98799590721617, 144.75457713174615, 134.5708659894586, 126.48959047548725, 116.1373965816113, 109.73891625615764, 80.50199540792467, 146.0000843872955, 85.32933900134668, 103.24351360569332, 99.0, 104.60454706877213, 125.29319662591463, 109.02720227295104, 123.93446271663801, 48.0, 104.59032429334431, 125.80659838328006 ],